Row,Drug Name,Lowest,Median,Highest
1,Acetylcysteine 100 mg Oral Powder Sachet,7.7,8.0,12.0
2,"Acetylcysteine 100 mg/mL, 3 mL Respiratory Solution Ampule",77.5,108.13,383.0
3,Acetylcysteine 200 mg Oral Powder Sachet,6.12,8.44,16.72
4,"Acetylcysteine 200 mg/mL, 25 mL Solution for Injection Bottle",1278.0,1500.0,1812.0
5,Acetylcysteine 600mg Effervescent Tablet,9.82,11.85,33.0
6,Aciclovir 200 mg Tablet,3.1,4.52,15.7
7,"Aciclovir 25 mg/mL, 10 mL Solution for Injection Vial",174.34,194.0,551.3
8,Aciclovir 400 mg Tablet,3.0,7.43,18.88
9,Aciclovir 800 mg Tablet,4.55,20.41,60.0
10,"Adenosine 3 mg/mL, 2 mL Solution for Injection Vial",70.0,208.29,1960.0
11,Albendazole 400 mg Chewable Tablet,4.85,6.93,9.0
12,"Albumin, Human 20%, 50 mL Solution for Injection Bottle",1600.0,1957.5,3700.0
13,"Albumin, Human 25%, 50 mL Solution for Injection Bottle",1999.0,2669.35,3838.13
14,Alendronate 70 mg Tablet,99.0,120.0,135.85
15,All-in-one Admixtures 1000 Kcal,1600.0,2247.0,2515.0
16,All-in-one Admixtures 1300 Kcal,2354.9,2577.45,2800.0
17,All-in-one Admixtures 1400 Kcal,1595.0,1920.0,3300.0
18,All-in-one Admixtures 1900 Kcal,1900.0,2440.0,2980.0
19,Allopurinol 100 mg Tablet,0.6,1.36,4.0
20,Allopurinol 300 mg Tablet,1.57,2.8,7.0
21,Alprazolam 500 mcg Tablet,8.0,15.0,17.0
22,Aluminum Hydroxide + Magnesium Hydroxide 200 mg + 100 mg Tablet,0.64,1.23,14.0
23,"Aluminum Hydroxide + Magnesium Hydroxide 225 mg + 200 mg/5 mL, 120 mL Oral Suspension Bottle",28.0,42.8,62.0
24,"Aluminum Hydroxide + Magnesium Hydroxide 225 mg + 200 mg/5 mL, 60 mL Oral Suspension Bottle",22.0,29.98,70.0
25,"Amikacin 125 mg/mL, 2 mL Solution for Injection Ampule",22.45,24.07,73.83
26,"Amikacin 125 mg/mL, 2 mL Solution for Injection Vial",21.25,23.45,55.0
27,"Amikacin 250 mg/mL, 2 mL Solution for Injection Ampule",27.89,29.89,96.8
28,"Amikacin 250 mg/mL, 2 mL Solution for Injection Vial",25.77,31.69,97.88
29,"Amikacin 50 mg/mL, 2 mL Solution for Injection Ampule",35.88,41.38,46.88
30,"Amikacin 50 mg/mL, 2 mL Solution for Injection Vial",19.44,35.89,48.0
31,"Amino Acid + Glucose + Electrolytes + Vitamin B1, 1000 mL Solution for Injection",923.4,1157.2,1386.0
32,"Amino Acid + Glucose + Electrolytes + Vitamin B1, 500 mL Solution for Injection",620.4,842.0,842.0
33,"Amino Acids, Crystalline Standard 6%, 100 mL Solution for Injection Bottle",360.0,450.0,995.0
34,"Amino Acids, Crystalline Standard 7%, 500 mL Solution for Injection Bottle",368.0,500.0,800.0
35,"Amino Acids, Crystalline Standard 8%, 500 mL Solution for Injection Bottle",506.0,672.83,1056.0
36,"Aminophylline (Theophylline Ethylenediamine) 25 mg/mL, 10 mL Solution for Injection Ampule",9.22,18.96,37.88
37,Amiodarone 200 mg Tablet,8.0,12.83,55.0
38,"Amiodarone 50 mg/mL, 3 mL Solution for Injection Ampule",185.0,315.0,495.0
39,Amlodipine 10 mg Tablet,0.26,0.46,18.3
40,Amlodipine 5 mg Tablet,0.19,0.33,4.5
41,"Amoxicillin 100 mg/mL, 15 mL Oral Drops",16.25,21.0,45.0
42,Amoxicillin 250 mg Capsule,1.75,2.05,4.0
43,"Amoxicillin 250 mg/5 mL, 60 mL Oral Suspension",4.88,35.08,80.0
44,Amoxicillin 500 mg Capsule,1.38,1.87,4.0
45,Amphotericin B (Lipid Complex) 50 mg vial,9974.95,10972.0,11470.0
46,Amphotericin B (Non-Lipid Complex) 50 mg Powder for Injection Vial,757.0,1416.5,3200.0
47,Ampicillin + Sulbactam 1000 mg + 500 mg Powder for Injection Vial,29.5,44.39,750.0
48,Ampicillin + Sulbactam 500 mg + 250 mg Powder for Injection Vial,16.2,28.12,470.0
49,Ampicillin 1 g Powder for Injection Vial,12.44,18.34,27.83
50,Ampicillin 250 mg Powder for Injection Vial,9.72,12.43,34.0
51,Ampicillin 500 mg Powder for Injection Vial,6.0,11.29,49.0
52,Anastrazole 1 mg Film Coated Tablet,16.37,18.5,45.0
53,"Anti-Rabies serum 200 IU/mL, 5 mL Solution for Injection Vial (Equine)",757.0,1270.0,2000.0
54,"Anti-tetanus serum (equine) 1500 IU/0.7 mL solution for injection, ampul",82.4,123.0,148.0
55,Antithymocyte Immunoglobulin (ATG) (rabbit) 25 mg/5 mL vial,13108.61,13108.61,13108.61
56,Aripiprazole 10 mg orally disintegrating tablet,34.98,211.1,222.03
57,Aripiprazole 10 mg Tablet,19.48,34.48,59.0
58,Aripiprazole 400 mg Powder for Injection Pre-filled Syringe,6244.55,6313.0,6938.39
59,"Ascorbic Acid (Vitamin C) 100 mg/5 mL, 120 mL Syrup Bottle",18.0,29.0,36.8
60,"Ascorbic Acid (Vitamin C) 100 mg/5 mL, 60 mL Syrup Bottle",15.8,28.0,72.0
61,"Ascorbic Acid (Vitamin C) 100 mg/mL, 15 mL Oral Drops Bottle",15.0,24.64,45.0
62,"Ascorbic Acid (Vitamin C) 250 mg/mL, 2 mL Solution for Injection Ampule",10.0,18.35,26.0
63,Ascorbic Acid (Vitamin C) 500 mg Tablet,0.45,0.75,2.5
64,"Asparaginase 10,000 IU Powder for Injection Vial",1079.0,1100.0,3000.0
65,Aspirin 80 mg Tablet,0.44,0.62,2.88
66,Atenolol 100 mg Tablet,2.45,4.0,4.89
67,Atenolol 50 mg Tablet,1.0,2.0,11.0
68,Atorvastatin 10 mg Tablet,0.9,1.96,6.0
69,Atorvastatin 20 mg Tablet,1.0,1.98,7.8
70,Atorvastatin 40 mg Tablet,0.21,3.8,24.2
71,Atorvastatin 80 mg Tablet,2.31,7.5,29.5
72,"Atracurium 10 mg/mL, 2.5 mL Solution for Injection Ampule",48.78,88.78,325.0
73,"Atracurium 10 mg/mL, 5 mL Solution for Injection Ampule",290.0,306.39,322.78
74,"Atropine 1 mg/mL, 1 mL Solution for Injection Ampule",18.0,34.41,100.0
75,Azathioprine 50 mg tablet,27.44,34.0,34.3
76,"Azithromycin 200 mg/5 mL, 15 mL Oral Suspension Bottle",8.92,104.0,386.57
77,"Azithromycin 200 mg/5 mL, 60 mL Oral Suspension Bottle",191.1,273.0,386.5
78,Azithromycin 500 mg Powder for Injection Vial,65.0,184.25,498.5
79,Azithromycin 500 mg Tablet,5.29,8.85,120.0
80,Aztreonam 1 g Powder for Injection,649.0,857.5,1350.0
81,Baclofen 10 mg Tablet,9.59,11.75,15.4
82,"Balanced Multiple Maintenance Solution + Dextrose 5%, 1 L Solution for Injection Bottle",25.98,45.12,79.47
83,"Balanced Multiple Maintenance Solution + Dextrose 5%, 500 mL Solution for Injection Bag",23.44,24.44,79.8
84,"Balanced Multiple Maintenance Solution + Dextrose 5%, 500 mL Solution for Injection Bottle",22.89,29.67,106.33
85,"Balanced Multiple Replacement Solution, 1 L Solution for Injection Bottle (with pH 7.4)",29.0,36.92,108.0
86,BCG Vaccine 500 mcg/mL vial + 1 mL diluent in ampule (Per Dose),400.0,687.5,5299.0
87,"Beractant 25 mg/mL, 4 mL Depot Powder for Injection Vial",10354.0,12178.0,12178.0
88,Betahistine 16 mg Tablet,2.45,6.15,61.0
89,Betahistine 24 mg Tablet,6.1,15.0,45.0
90,Betahistine 8 mg Tablet,1.5,5.1,15.5
91,"Betamethasone 0.1%, 5 g cream tube",29.0,51.5,169.0
92,"Betamethasone 0.1%, 5 g Ointment Tube",32.5,40.0,45.0
93,Bicalutamide 50 mg Tablet,17.0,21.44,24.0
94,Biperiden 2 mg Tablet,0.88,4.88,5.12
95,"Biphasic Isophane Human Insulin 70/30 (Recombinant Dna) 100 IU/mL, 10 mL Vial",104.9,245.81,575.0
96,Bisacodyl 10 mg Suppository,18.22,47.34,97.0
97,Bisacodyl 5 mg Suppository,0.72,31.68,44.0
98,Bisacodyl 5 mg Tablet,0.65,1.58,9.0
99,Bleomycin 15 IU Powder for Injection Vial,1695.0,1750.0,2500.0
100,"Brimonidine 0.15%, 5 mL Eye Drops Bottle",708.48,708.48,1150.0
101,"Brinzolamide 1%, 5 mL Eye Drops Bottle",1064.0,1132.0,1200.0
102,"Budesonide + Formoterol 160 mcg + 4.5 mcg, 120 doses Metered Dose Inhaler",683.97,758.39,842.65
103,"Budesonide + Formoterol 160 mcg + 4.5 mcg, 60 doses Dry Powder Inhaler",834.44,834.44,1106.98
104,"Budesonide + Formoterol 80 mcg + 4.5 mcg, 120 doses Metered Dose Inhaler",586.65,604.56,622.47
105,"Budesonide 250 mcg/mL, 2 mL Respiratory Solution",13.0,29.35,60.0
106,Bupivacaine + Dextrose 0.5% 4 mL ampul (spinal) with 8% dextrose,50.0,98.17,565.0
107,"Bupivacaine 0.5% (isobaric), 5 mL Ampule (spinal)",765.0,765.0,765.0
108,"Bupivacaine 0.5%, 10 mL Solution for Injection Ampule",57.33,137.06,449.0
109,"Bupivacaine 0.5%, 5 mL Solution for Injection Ampule",74.34,78.89,558.0
110,Butamirate 50 mg Modified Release Tablet,5.75,9.76,15.59
111,"Butorphanol 2 mg/mL, 1 mL Solution for Injection Ampule",147.88,298.88,689.0
112,"Calamine 8%, 60 mL Lotion Bottle",106.0,112.4,118.8
113,Calcium (equiv. to 500 mg elemental calcium) Tablet,0.8,0.91,1.65
114,"Calcium Carbonate (equiv, to 500 mg elemental calcium) chewable tablet",0.65,1.22,9.75
115,"Calcium Carbonate (equiv, to 500 mg elemental calcium) tablet",0.5,1.23,7.5
116,Calcium Carbonate + Cholecalciferol (Vitamin D3) Equiv. to 500 mg elemental calcium + 400 IU Film Coated Tablet,1.65,2.56,5.52
117,Calcium Carbonate + Cholecalciferol (Vitamin D3) Equiv. to 600 mg elemental calcium + 400 IU Film Coated Tablet,1.9,4.0,6.2
118,"Calcium Folinate (Leucovorin Calcium) 10 mg/mL, 5 mL Solution for Injection Ampule",128.7,144.35,160.0
119,"Calcium Folinate (Leucovorin Calcium) 10 mg/mL, 5 mL Solution for Injection Vial",119.0,144.5,408.0
120,"Calcium Gluconate 10%, 10 mL Solution for Injection Ampule",11.23,12.87,118.0
121,"Calcium Gluconate 10%, 10 mL Solution for Injection Vial",11.89,25.62,116.0
122,"Calcium Gluconate 10%, 20 mL Solution for Injection Bottle",39.0,39.5,40.0
123,Capecitabine 500 mg Tablet,19.0,22.0,37.5
124,Captopril 25 mg Tablet,0.38,0.95,2.4
125,Carbamazepine 200 mg Tablet,1.75,3.0,3.78
126,"Carbetocin 100 mcg/mL, 1 mL Solution for Injection Vial",1021.0,1320.0,1497.81
127,"Carboplatin 10 mg/mL, 15 mL Solution for Injection Vial",524.0,679.0,1200.0
128,"Carboplatin 10 mg/mL, 45 mL Solution for Injection Vial",890.0,1430.0,3600.0
129,"Carboprost 125 mcg/0.5 mL, 0.5 mL Solution for Injection Ampule",28.0,200.0,238.0
130,"Carboprost 125 mcg/0.5 mL, 0.5 mL Solution for Injection Vial",137.14,185.0,228.0
131,"Carboprost 250 mcg/mL, 1 mL Solution for Injection Ampule",156.0,300.5,608.0
132,"Carboprost 250 mcg/mL, 1 mL Solution for Injection Vial",202.0,205.02,207.24
133,Carvedilol 25 mg Tablet,1.98,5.37,19.8
134,Carvedilol 6.25 mg Tablet,0.97,1.31,6.9
135,"Cefalexin 100 mg/mL, 10 mL Oral Drops Bottle",18.8,25.0,50.0
136,"Cefalexin 250 mg/5 mL, 60 mL Oral Suspension Bottle",26.0,44.38,57.5
137,"Cefalexin 250 mg/5 mL, 60 mL Syrup Bottle",24.5,27.45,37.0
138,Cefalexin 500 mg Capsule,2.5,4.16,28.75
139,Cefazolin 1 g Powder for Injection Vial,18.2,21.89,280.0
140,Cefepime 1 g Powder for Injection Vial,57.89,72.35,350.0
141,Cefepime 2 g Powder for Injection Vial,137.43,182.44,356.0
142,Cefepime 500 mg Powder for Injection Vial,188.0,428.22,668.45
143,"Cefixime 100 mg/5 mL, 60 mL Oral Suspension Bottle",30.0,138.0,299.9
144,"Cefixime 20 mg/mL, 10 mL Oral Drops Bottle",86.0,130.0,170.0
145,Cefixime 200 mg Capsule,4.7,6.98,47.5
146,Cefixime 400 mg Capsule,16.0,22.1,32.15
147,Cefotaxime 500 mg Powder for Injection Vial + 2 mL Diluent,147.78,324.88,725.0
148,Cefoxitin 1 g Powder for Injection Vial,7.4,74.24,665.0
149,Ceftaxidime (Ceftazidime) 1 g Powder for Injection Vial,29.0,39.34,200.0
150,Ceftaxidime (Ceftazidime) 500 mg Powder for Injection Vial,122.89,292.0,294.88
151,Ceftriaxone 1 g Powder for Injection Vial + 10 mL Diluent,14.48,22.56,538.5
152,Cefuroxime 1.5 g Powder for Injection Vial,40.0,54.77,140.0
153,"Cefuroxime 125 mg/5 mL, 70 mL Oral Suspension Bottle",98.0,182.5,200.97
154,"Cefuroxime 250 mg/5 mL, 120 mL Bottle",105.0,121.0,155.0
155,"Cefuroxime 250 mg/5 mL, 50 mL Oral Suspension Bottle",102.59,139.0,213.0
156,Cefuroxime 500 mg Tablet,1.05,11.8,45.0
157,Cefuroxime 750 mg vial,13.0,20.89,89.97
158,Celecoxib 200 mg Capsule,1.5,2.43,28.9
159,Celecoxib 400 mg Capsule,3.75,6.95,13.0
160,"Cetirizine 1 mg/mL, 60 mL Oral Solution Bottle",18.67,38.5,73.0
161,Cetirizine 10 mg Tablet,0.22,0.39,27.0
162,"Cetirizine 10 mg/mL, 10 mL Oral Drops Bottle",32.38,52.75,70.0
163,"Cetirizine 2.5 mg/mL, 10 mL Oral Drops Bottle",18.1,35.0,120.0
164,"Cetirizine 5 mg/5 mL, 30 mL Syrup Bottle",20.75,42.0,95.0
165,"Chlorhexidine 0.12%, 120 mL Oral Solution Bottle",95.0,109.33,236.0
166,"Chlorphenamine (Chlopheniramine) 10 mg/mL, 1 mL Solution for Injection Ampule",9.5,12.25,15.0
167,Chlorphenamine (Chlopheniramine) 4 mg Tablet,0.32,0.7,2.31
168,Chlorpromazine 100 mg Tablet,2.19,2.24,2.27
169,Chlorpromazine 200 mg Tablet,2.21,2.27,3.84
170,Ciclosporin 100 mg Capsule,106.0,114.2,139.0
171,Ciclosporin 25 mg Capsule,25.41,34.46,37.53
172,Cilostazol 100 mg Tablet,10.2,12.0,30.5
173,Cilostazol 50 mg Tablet,6.42,9.5,12.1
174,Cinnarizine 25 mg Tablet,0.6,1.23,3.0
175,"Ciprofloxacin 2 mg/mL, 100 mL Solution for Injection Vial",16.44,23.43,990.0
176,"Ciprofloxacin 400 mg/200 mL, IV Infusion",605.0,662.5,720.0
177,Ciprofloxacin 500 mg Tablet,1.43,1.83,19.75
178,"Cisplatin 1 mg/mL, 50 mL Solution for Injection Vial",292.0,310.0,840.0
179,"Clarithromycin 125 mg/5 mL, 50 mL Oral Suspension Bottle",110.5,155.0,283.0
180,Clarithromycin 250 mg Tablet,20.0,22.75,25.5
181,"Clarithromycin 250 mg/5 mL, 50 mL Oral Suspension Bottle",267.0,420.0,550.0
182,Clarithromycin 500 mg Tablet,7.95,14.0,168.0
183,Clindamycin 150 mg Capsule,3.3,4.9,11.99
184,"Clindamycin 150 mg/mL, 2 mL Solution for Injection Ampule",44.78,58.44,198.0
185,"Clindamycin 150 mg/mL, 4 mL Solution for Injection Ampule",34.23,58.78,370.0
186,Clindamycin 300 mg Capsule,3.79,5.86,35.0
187,"Clindamycin 75 mg/5 mL, 60 mL Oral Suspension Bottle",380.0,435.0,485.0
188,"Clobetasol 0.05%, 15 g Cream Tube",39.75,48.0,465.0
189,"Clobetasol 0.05%, 5 g Cream Tube",34.88,92.5,113.85
190,"Clobetasol 0.05%, 5 g Ointment Tube",67.5,140.0,176.0
191,Clonazepam 2 mg Tablet,3.89,8.25,10.0
192,Clonidine 150 mcg Tablet,3.84,6.36,15.0
193,"Clonidine 150 mcg/mL, 1 mL Solution for Injection Ampule",62.35,108.0,108.0
194,Clonidine 75 mcg Tablet,2.52,3.9,10.0
195,Clopidogrel 75 mg Tablet,0.53,1.04,27.5
196,"Clotrimazole 1% (10 mg/ g), 10 g Cream Tube",70.0,108.57,147.14
197,"Clotrimazole 1% (10 mg/ g), 20 g Cream Tube",45.0,150.0,345.0
198,"Cloxacillin 250 mg/5 mL, 60 mL Oral Solution Bottle",32.0,37.5,46.0
199,Cloxacillin 500 mg Capsule,2.0,3.7,6.8
200,Clozapine 100 mg Tablet,5.5,7.63,15.0
201,Clozapine 25 mg Tablet,6.9,8.68,12.0
202,"Co-Amoxiclav (Amoxicillin + Clavulanic Acid) 200 mg + 28.5 mg/5 mL, 70 mL Oral Suspension Bottle",123.2,173.5,275.0
203,"Co-Amoxiclav (Amoxicillin + Clavulanic Acid) 400 mg + 57 mg/5 mL, 70 mL Oral Suspension Bottle",50.67,182.19,311.94
204,Co-Amoxiclav (Amoxicillin + Clavulanic Acid) 500 mg + 125 mg Tablet,5.5,8.0,17.0
205,Co-Amoxiclav (Amoxicillin + Clavulanic Acid) 875 mg + 125 mg Tablet,15.0,26.0,60.0
206,Colchicine 500 mcg Tablet,0.78,1.9,3.95
207,"Colistin 2,000,000 IU Powder for Injection Vial",534.0,609.0,2244.0
208,Cotrimoxazole (Sulfamethoxazole + Trimethoprim) 400 mg + 80 mg Tablet,0.82,1.53,1.8
209,"Cotrimoxazole (Sulfamethoxazole + Trimethoprim) 400 mg + 80 mg per 5 mL suspension, 60 mL",29.06,35.0,250.0
210,"Cotrimoxazole (Sulfamethoxazole + Trimethoprim) 400 mg + 80 mg, 5 mL Solution for Injection Ampule",1398.0,1446.0,1494.0
211,Cotrimoxazole (Sulfamethoxazole + Trimethoprim) 800 mg + 160 mg Tablet,1.0,2.11,7.5
212,Cyclophosphamide 1 g Powder for Injection Vial,175.0,219.0,288.5
213,Cyclophosphamide 500 mg Powder for Injection Vial,116.0,128.57,290.18
214,"Cytarabine 100 mg/mL, 1 mL Solution for Injection Vial",119.0,150.36,300.0
215,"Cytarabine 100 mg/mL, 5 mL Solution for Injection Vial",228.0,330.0,455.36
216,"Cytarabine 20 mg/mL, 5 mL Ampule",119.0,123.34,127.68
217,Dacarbazine 200 mg Powder for Injection Vial,430.0,439.0,443.0
218,Danazol 200 mg Capsule,200.0,210.0,220.0
219,"Dantrolene 20 mg (with mannitol 3 g)/vial, 60 mL Sterile Water",1795.0,8546.5,15298.0
220,Deferiprone 500 mg Tablet,102.0,105.97,106.0
221,Deferoxamine 500 mg Powder for Injection Vial,183.32,183.32,183.32
222,Dexamethasone 4 mg Tablet,16.0,23.0,33.0
223,"Dexamethasone 4 mg/mL, 2 mL Solution for Injection Ampule",6.12,8.18,33.43
224,"Dexamethasone 4 mg/mL, 2 mL Solution for Injection Vial",7.2,12.54,17.88
225,"Dexamethasone 5 mg/mL, 1 mL Solution for Injection Ampule",14.18,52.67,79.44
226,Dexamethasone 500 mcg Tablet,2.9,3.75,20.0
227,"Dextran, High Molecular Weight (Dextran 70) + Dextrose 6% + 5%, 500 mL Solution for Injection Bottle",515.0,521.5,528.0
228,Dextromethorphan 10 mg Tablet,1.5,1.85,2.2
229,"Dextrose + Lactated Ringer's 5%, 1 L Solution for Injection Bottle",24.26,33.95,95.0
230,"Dextrose + Lactated Ringer's 5%, 500 mL Solution for Injection Bottle",23.0,36.75,106.0
231,"Dextrose + Sodium Chloride 5% + 0.3%, 1 L Solution for Injection Bottle",21.89,29.52,105.34
232,"Dextrose + Sodium Chloride 5% + 0.3%, 500 mL Solution for Injection Bottle",19.34,25.0,107.0
233,"Dextrose + Sodium Chloride 5% + 0.45%, 500 mL Solution for Injection Bottle",61.6,95.0,347.0
234,"Dextrose + Sodium Chloride 5% + 0.9%, 1 L Solution for Injection Bottle",8.98,31.75,98.0
235,"Dextrose + Sodium Chloride 5% + 0.9%, 500 mL Solution for Injection Bottle",21.89,26.32,64.0
236,"Dextrose In Water 10%, 1 L Solution for Injection Bottle",28.9,33.97,37.5
237,"Dextrose In Water 10%, 500 mL Solution for Injection Bottle",21.0,26.24,76.32
238,"Dextrose In Water 5%, 1 L Solution for Injection Bottle",21.18,31.25,140.0
239,"Dextrose In Water 5%, 250 mL Solution for Injection Bottle",24.0,69.0,103.0
240,"Dextrose In Water 5%, 500 mL Solution for Injection Bottle",19.78,25.57,98.0
241,"Diazepam 5 mg/mL, 2 mL Solution for Injection Ampule",13.82,137.94,234.89
242,"Diclofenac 25 mg/mL, 3 mL Solution for Injection Ampule",12.89,16.3,24.35
243,Diclofenac 50 mg Enteric Coated Tablet,0.51,1.4,1.75
244,Diclofenac 50 mg Tablet,0.65,1.98,2.0
245,Dicycloverine (Dicyclomine) 10 mg Tablet,0.32,0.83,2.8
246,"Dicycloverine (Dicyclomine) 10 mg/5 mL, 60 mL Syrup Bottle",14.6,29.98,71.28
247,Digoxin 250 mcg Tablet,0.95,4.12,6.98
248,"Digoxin 250 mcg/mL, 2 mL Solution for Injection Ampule",92.79,123.83,198.0
249,"Digoxin 50 mcg/mL, 60 mL Oral Elixir Bottle",561.52,745.87,787.0
250,Diloxanide 500 mg Tablet,30.0,31.75,33.5
251,Diltiazem 60 mg Tablet,2.92,7.0,18.0
252,"Diphenhydramine 12.5 mg/5 mL, 60 mL Syrup Bottle",10.25,21.5,80.0
253,Diphenhydramine 25 mg Capsule,1.07,1.56,5.0
254,Diphenhydramine 50 mg Capsule,0.68,1.5,3.25
255,"Diphenhydramine 50 mg/mL, 1 mL Solution for Injection Ampule",3.68,16.89,98.0
256,"Diptheria, Tetanus, Pertussis, Hepatitis B Recombinant and Haemophilus Influenza Type B (Hib) Combined Vaccine 0.5 mL suspension vial",405.0,1127.5,1850.0
257,Divalproex Sodium (Sodium Valproate + Valproic Acid) 250 mg Extended Release Tablet,7.1,8.33,8.88
258,Divalproex Sodium (Sodium Valproate + Valproic Acid) 500 mg Tablet,5.9,11.38,23.0
259,"Dobutamine 50 mg/mL, 5 mL Solution for Injection Ampule",18.89,65.62,238.0
260,"Docetaxel 20 mg/0.5 mL, 0.5 mL Solution for Injection Vial",358.89,520.0,998.0
261,"Docetaxel 20 mg/mL, 1 mL Solution for Injection Vial",370.0,532.0,1050.0
262,"Docetaxel 40 mg/mL, 2 mL Solution for Injection Vial",884.6,1361.19,2998.0
263,"Docetaxel 80 mg/4mL, 4mL Concentrate Solution for Infusion Vial",1260.0,2205.0,3150.0
264,"Domperidone 1 mg/mL, 60 mL Suspension for Injection Bottle",33.0,72.0,148.0
265,Domperidone 10 mg Tablet,0.61,1.78,14.0
266,Donepezil 10 mg Tablet,12.0,24.0,39.6
267,"Dopamine 40 mg/mL, 5 mL Solution for Injection Ampule",28.8,37.44,147.45
268,"Dorzolamide 2%, 5 mL Eye Drops Bottle",677.95,677.95,780.0
269,"Doxorubicin 2 mg/mL, 25 mL Solution for Injection Vial",265.0,329.88,510.0
270,Doxorubicin 50 mg Powder for Injection Vial,375.0,429.4,1873.0
271,Doxycycline 100 mg Capsule,1.19,2.88,11.0
272,Dydrogesterone 10 mg Tablet,11.98,62.9,85.0
273,Enalapril 20 mg Tablet,3.62,5.25,7.5
274,Enalapril 5 mg Tablet,2.48,4.0,8.0
275,"Enoxaparin 100 mg/mL, 0.4 mL Solution for Injection Pre-filled Syringe",114.89,172.89,550.0
276,"Enoxaparin 100 mg/mL, 0.6 mL Solution for Injection Pre-filled Syringe",162.0,219.0,500.0
277,Eperisone 50 mg Tablet,8.75,11.75,30.0
278,"Ephedrine 50 mg/mL, 1 mL Solution for Injection Ampule",77.88,113.5,283.89
279,"Epinephrine (Adrenaline) 1 mg/mL, 1 mL Solution for Injection Ampule",8.12,14.12,32.0
280,Epirubicin 50 mg Powder for Injection Vial,1395.0,2100.0,2675.0
281,"Epoetin Alfa (Recombinant Human Erythropoetin) 10,000 IU/mL Solution for Injection Pre-filled Syringe",900.0,1338.0,1495.0
282,Epoetin Alfa (Recombinant Human Erythropoetin) 4000 IU/0.4 mL Solution for Injection Pre-filled Syringe,197.24,395.0,525.0
283,"Epoetin Alfa (Recombinant Human Erythropoetin) 4000 IU/mL, 1 mL Solution for Injection Vial",168.88,216.5,480.0
284,"Epoetin Beta (Recombinant Erythropoetin) 10,000 IU/0.6 mL Solution for Injection Pre- filled Syringe",2858.04,2918.18,2978.31
285,Epoetin Beta (Recombinant Erythropoetin) 2000 IU/0.3 mL Solution for Injection Pre- filled Syringe,400.0,403.84,407.67
286,Epoetin Beta (Recombinant Erythropoetin) 5000 IU/0.3 mL Solution for Injection Pre- filled Syringe,953.0,1000.0,1278.98
287,Ertapenem 1 g Powder for Injection Vial,1429.0,1656.5,2144.0
288,"Erythromycin 0.5%, 3.5 g Eye Ointment Tube",87.0,100.0,600.0
289,"Erythromycin 0.5%, 5 g Eye Ointment Tube",118.5,143.0,280.0
290,"Erythromycin 200 mg/5 mL, 60 mL Oral Suspension",45.0,49.0,100.0
291,Erythromycin 500 mg Tablet,4.1,4.8,5.4
292,Escitalopram 10 mg Tablet,3.12,8.37,21.0
293,"Esmolol 10 mg/mL, 10 mL Solution for Injection Vial",417.34,680.0,988.0
294,Ethambutol 400 mg Tablet,2.81,4.05,5.12
295,Etoposide 100 mg Powder for Injection Vial,240.0,259.51,279.02
296,"Etoposide 20 mg/mL, 5 mL Solution for Injection Vial",220.0,260.0,299.0
297,Everolimus 500 mcg Tablet,145.0,155.42,165.83
298,Felodipine 5 mg Modified Release Tablet,5.37,7.2,15.0
299,Fenofibrate 160 mg Tablet,3.0,11.98,22.85
300,Fenofibrate 200 mg Capsule,2.35,7.5,27.0
301,"Fentanyl 50 mcg/mL, 10 mL Solution for Injection Ampule",27.88,111.89,210.0
302,"Fentanyl 50 mcg/mL, 2 mL Solution for Injection Ampule",27.44,40.0,374.0
303,"Ferrous Salt (equiv. to 15 mg elemental iron)/0.6 mL, 15 mL Oral Drops",17.02,22.5,35.0
304,"Ferrous Salt (equiv. to 30 mg elemental iron)/5 mL, 60 mL Syrup",16.0,22.0,40.0
305,Ferrous Salt (equiv. to 60 mg elemental iron) Tablet,1.0,1.38,2.0
306,Ferrous Salt + Folic Acid 60 mg elemental iron + 400 mcg Capsule,0.69,0.87,3.0
307,Ferrous Salt + Folic Acid 60 mg elemental iron + 400 mcg Film Coated Tablet,0.64,0.87,3.79
308,Ferrous Salt + Folic Acid 60 mg elemental iron + 400 mcg Tablet,0.44,0.89,1.98
309,"Filgrastim (G-CSF) 300 mcg/0.5 mL, 0.5 mL Solution for Injection Pre-filled Syringe",497.0,758.0,1500.0
310,"Filgrastim (G-CSF) 300 mcg/1.2 mL, 1.2 mL Solution for Injection Vial",594.0,1568.0,2500.0
311,"Filgrastim (G-CSF) 300 mcg/mL, 1 mL Solution for Injection Vial",551.82,764.91,978.0
312,Finasteride 5 mg Tablet,5.9,7.2,18.0
313,Fluconazole 150 mg Capsule,4.8,38.0,230.0
314,"Fluconazole 2 mg/mL, 100 mL Solution for Injection Vial",50.0,179.44,474.33
315,Fluconazole 200 mg Capsule,100.0,279.0,310.0
316,Fluconazole 50 mg Capsule,56.0,68.0,78.0
317,"Flumazenil 100 mcg/mL, 5 mL Solution for Injection Ampule",787.0,1988.0,1998.0
318,"Fluorouracil 50 mg/mL, 10 mL Solution for Injection Vial",25.5,60.0,68.0
319,Fluoxetine 20 mg Capsule,11.89,18.64,22.5
320,"Flupentixol 20 mg/mL, 1 mL Solution for Injection Ampule",224.0,284.0,344.0
321,"Fluphenazine 25 mg/mL, 1mL ampul",58.74,64.89,77.87
322,"Fluticasone + Salmeterol 125 mcg + 25 mcg, 120 actuations Metered Dose Inhaler",114.0,195.0,360.0
323,"Fluticasone + Salmeterol 250 mcg + 25 mcg, 120 actuations Metered Dose Inhaler",140.0,240.0,519.95
324,"Fluticasone 0.05%/dose, 120 doses Nasal Solution",247.79,247.79,247.79
325,Folic Acid 5 mg Capsule,0.8,2.0,4.98
326,Folic Acid 5 mg Tablet,1.0,3.0,4.75
327,Fondaparinux 2.5 mg/0.5 mL Solution for Injection Pre-filled Syringe,1100.0,1193.5,1378.0
328,Fosfomycin 3 g Oral Granules Sachet,351.0,429.88,461.44
329,"Furosemide 10 mg/mL, 2 mL Solution for Injection Ampule",3.59,4.78,68.0
330,Furosemide 20 mg Tablet,0.44,1.0,5.0
331,Furosemide 40 mg Tablet,0.4,1.3,9.3
332,"Fusidate Sodium/Fusidic Acid 2%, 15 g Ointment",90.0,95.0,170.0
333,"Fusidate Sodium/Fusidic Acid 2%, 5 g Cream",80.0,162.36,239.88
334,Gabapentin 100 mg Capsule,4.38,6.45,19.68
335,Gabapentin 300 mg Capsule,1.8,6.75,32.49
336,"Gadobutrol 1 mmol/mL, 5 mL Solution for Injection Pre-filled Syringe",2000.0,2300.0,2589.56
337,"Gadoteric Acid 0.5 mmol/mL, 10 mL Solution for Injection Vial",1650.0,1999.0,2100.0
338,Gemcitabine 1 g Powder for Injection Vial,800.0,980.0,2800.0
339,Gemcitabine 200 mg Powder for Injection Vial,289.0,304.0,650.0
340,"Gentamicin 40 mg/mL, 2 mL Solution for Injection Ampule",3.17,5.47,29.45
341,Gliclazide 30 mg Modified Release Tablet,1.25,2.93,4.5
342,Gliclazide 60 mg Modified Release Tablet,4.08,7.94,17.5
343,Gliclazide 80 mg Tablet,1.24,2.65,6.0
344,"Glucose (Dextrose) 50%, 50 mL Solution for Injection Vial",19.5,42.0,114.0
345,Haloperidol 5 mg Tablet,2.32,2.81,3.34
346,"Haloperidol 5 mg/mL, 1 mL Solution for Injection Ampule",439.0,725.0,730.45
347,"Haloperidol 50 mg/mL, 1 mL Solution for Injection Ampule",445.79,728.0,729.89
348,"Heparin (Unfractionated) 1000 IU/mL, 5 mL Solution for Injection Vial (Bovine Origin)",51.89,80.0,260.0
349,"Heparin (Unfractionated) 5000 IU/mL, 5 mL Solution for Injection Vial (Bovine Origin)",80.0,187.89,324.0
350,"Hepatitis B Immunoglobulin (Human), 0.5 mL Vial",2000.0,2185.0,2400.0
351,"Hydralazine 20 mg/mL, 1 mL Solution for Injection Ampule",15.24,22.64,46.0
352,"Hydrocortisone 1%, 10 g Cream Tube",59.0,72.0,117.0
353,"Hydrocortisone 1%, 5 g Cream Tube",70.0,86.5,128.7
354,Hydrocortisone 100 mg Powder for Injection Vial,10.0,15.64,157.5
355,"Hydrocortisone 125 mg/mL, 2 mL Vial",39.34,185.0,279.0
356,Hydrocortisone 250 mg Powder for Injection Vial,37.44,62.78,270.0
357,"Hydrocortisone 50 mg/mL, 2 mL Vial",14.43,149.0,149.5
358,"Hydrogen Peroxide 3%, 120 mL Solution Bottle",11.0,20.5,37.0
359,"Hydrogen Peroxide 3%, 60 mL Solution Bottle",15.0,17.5,20.0
360,"Hydroxyethyl Starch 6%, 500 mL Solution for Injection Bottle",330.0,500.0,780.0
361,Hydroxyurea 500 mg Capsule,18.0,31.0,32.5
362,Hydroxyzine 25 mg Tablet,16.2,18.8,19.08
363,Hyoscine 10 mg Tablet,1.68,2.69,7.1
364,"Hyoscine 20 mg/mL, 1 mL Solution for Injection Ampule",7.54,15.29,57.95
365,Hypertonic Lactate 250 mL Solution for Injection Bag,789.15,884.0,930.1
366,"Hypromellose 0.3%, 10 mL Eye Drops Bottle",78.0,135.0,300.0
367,"Hypromellose 5 mg/mL, 10 mL Eye Drops Bottle",120.0,153.0,184.0
368,"Ibuprofen 100 mg/5 mL, 60 mL Oral Suspension",52.0,55.5,99.0
369,Ibuprofen 200 mg Tablet,1.2,2.23,4.5
370,"Ibuprofen 200 mg/5 mL, 60 mL Oral Suspension",40.42,58.0,137.7
371,Ibuprofen 400 mg Tablet,0.7,2.1,3.5
372,Ifosfamide 1 g Powder for Injection Vial,818.0,990.0,1379.46
373,Ifosfamide 2 g Powder for Injection Vial,1700.0,1900.0,2200.0
374,Imatinib 100 mg Tablet,22.48,34.98,50.0
375,Imatinib 400 mg Tablet,44.48,90.0,110.0
376,"Immunoglobulin Normal, Human (IGIV) 50 mg/mL, 100 mL Vial",13936.0,14525.0,19500.0
377,"Immunoglobulin Normal, Human (IGIV) 50 mg/mL, 50 mL Vial",6947.0,7999.0,13936.0
378,Indacaterol + Glycopyrronium 110 mcg + 50 mcg Dry Powder Capsule for Inhalation,53.33,62.3,66.67
379,"Influenza Polyvalent Vaccine, 0.5 mL Suspension for Injection Ampule",550.0,575.0,600.0
380,"Insulin Glargine 100 IU/mL, 10 mL Vial",400.0,1158.5,1572.0
381,"Insulin Glargine 100 IU/mL, 3 mL Pre-filled Pen",350.0,469.0,1136.0
382,"Intraocular Irrigating Solution (Balanced Salt Solution), 500 mL Solution Bottle",318.5,420.0,480.0
383,"Iodixanol 652 mg/mL (equiv. to 320 mg Iodine), 100 mL Solution for Injection Vial",5604.05,5852.03,6100.0
384,"Iodixanol 652 mg/mL (equiv. to 320 mg Iodine), 50 mL Solution for Injection Vial",1861.99,2857.0,3852.0
385,"Iohexol 300 mg iodine/mL, 100 mL Solution for Injection Vial",1481.0,2426.88,3115.0
386,"Iohexol 300 mg iodine/mL, 50 mL Solution for Injection Vial",730.0,890.0,1910.0
387,"Iohexol 350 mg iodine/mL, 100 mL Solution for Injection Vial",1810.0,2150.0,3852.0
388,"Iohexol 350 mg iodine/mL, 50 mL Solution for Injection Vial",770.0,1058.22,2559.0
389,"Iopamidol 612 mg/mL (equiv. to 300 mg Iodine), 100 mL Solution for Injection Vial",1197.0,1297.5,3750.0
390,"Iopamidol 612 mg/mL (equiv. to 300 mg Iodine), 50 mL Solution for Injection Vial",677.0,763.9,2150.0
391,"Iopamidol 755 mg/mL (equiv. to 370 mg Iodine), 100 mL Solution for Injection Vial",1640.0,1780.0,1788.0
392,"Iopamidol 755 mg/mL (equiv. to 370 mg Iodine), 50 mL Solution for Injection Vial",768.8,1384.3,1960.8
393,"Iopromide 300 mg/mL (equiv. to 623 mg Iodine), 50 mL Solution for Injection Vial",889.35,889.35,889.35
394,"Iopromide 370 mg/mL (equiv. to 769 mg Iodine), 100 mL Solution for Injection Vial",2730.0,2850.0,3715.0
395,"Iopromide 370 mg/mL (equiv. to 769 mg Iodine), 50 mL Solution for Injection Vial",1400.0,1475.0,2425.0
396,"Ioversol 636 mg/mL (equiv. to 300 mg/mL Iodine), 50 mL Solution for Injection Vial",1320.0,1320.0,1320.0
397,"Ioversol 741 mg/mL (equiv. to 350 mg/mL Iodine), 50 mL Solution for Injection Vial",1572.0,1898.88,2202.5
398,"Ipratropium + Salbutamol 20 mcg + 100 mcg, 200 doses Metered Dose Inhaler",650.0,784.0,850.8
399,"Ipratropium + Salbutamol 500 mcg + 2.5 mg, 2.5 mL Respiratory Solution",6.2,10.74,27.0
400,Irbesartan + Hydrochlorothiazide 150 mg + 12.5 mg Tablet,7.48,7.73,9.98
401,Irbesartan 150 mg Tablet,1.98,2.64,8.19
402,Irbesartan 300 mg Tablet,3.0,5.5,27.0
403,"Irinotecan 100 mg/5 mL, Solution for Injection Vial",685.82,920.0,1850.0
404,"Irinotecan 40 mg/2mL, Injection Vial",265.0,530.0,596.0
405,"Iron Sucrose 20 mg/mL, 5 mL Solution for Injection Ampule",40.0,57.88,149.5
406,"Isoflurane, 100 mL Volatile Liquid for Inhalation Bottle",1564.0,1965.5,2493.0
407,Isoniazid + Rifampicin + Pyrazinamide + Ethambutol 75 mg + 150 mg + 400 mg + 275 mg Tablet,5.75,7.0,14.0
408,Isoniazid + Rifampicin 75 mg + 150 mg Tablet,3.9,4.96,8.0
409,"Isophane Insulin Human (Recombinant DNA) 100 IU/mL, 10 mL Suspension for Injection Vial",107.9,190.0,450.0
410,Isosorbide Dinitrate 10 mg Tablet,1.19,5.7,9.0
411,Isosorbide Dinitrate 5 mg Sublingual Tablet,2.67,13.5,19.0
412,Isosorbide-5-Mononitrate 30 mg Modified Release Tablet,2.85,5.81,16.97
413,Isosorbide-5-Mononitrate 60 mg Modified Release Tablet,2.98,6.18,9.99
414,Isotonic electrolyte solution for IV infusion 1,132.0,198.0,207.9
415,Isoxsuprine 10 mg Tablet,3.0,5.8,19.5
416,"Isoxsuprine 5 mg/mL, 2 mL Solution for Injection Ampule",80.0,129.98,215.0
417,Itraconazole 100 mg Capsule,19.0,22.0,80.0
418,"Ketamine 50 mg/mL, 10 mL Solution for Injection Vial",289.0,450.0,1727.0
419,"Ketoconazole 2% (20 mg/g), 15 g Cream Tube",40.0,69.74,114.0
420,"Ketorolac 30 mg/mL, 1 mL Solution for Injection Ampule",7.88,13.78,80.0
421,"Lactated Ringerâ€™s, 1 L Solution for Injection Bag",30.0,62.77,98.0
422,"Lactated Ringer's, 1 L Solution for Injection Bottle",23.25,35.44,98.0
423,"Lactated Ringer's, 500 mL Solution for Injection Bottle",23.0,47.56,60.34
424,"Lactulose 3.3 g/5 mL (3.35 g/5 mL), 120 mL Syrup Bottle",76.77,97.68,239.5
425,Lagundi [Vitex Negundo L. (Fam. Verbenaceae)] 300 mg Tablet,0.75,1.38,2.09
426,"Lagundi [Vitex Negundo L. (Fam. Verbenaceae)] 300 mg/5 mL, 120 mL Syrup Bottle",33.15,58.44,127.98
427,"Lagundi [Vitex Negundo L. (Fam. Verbenaceae)] 300 mg/5 mL, 60 mL Syrup Bottle",26.0,44.9,79.0
428,Lagundi [Vitex Negundo L. (Fam. Verbenaceae)] 600 mg Tablet,1.6,2.34,3.6
429,Lamotrigine 100 mg Tablet,7.0,7.7,22.66
430,Lamotrigine 50 mg Tablet,5.25,5.65,14.7
431,Lansoprazole 30 mg Capsule,7.0,15.2,28.0
432,"Latanoprost 50 mcg/mL, 2.5 mL Eye Drops Bottle",540.0,600.0,1450.0
433,Letrozole 2.5 mg Film Coated Tablet,8.0,10.75,27.55
434,"Leuproreline 11.25 mg depot solution, vial with syringe",5320.0,8616.07,9721.43
435,Leuproreline 3.75 mg Powder for Injection Vial + 2 mL Diluent,1792.0,3131.0,3724.82
436,Levetiracetam 1 g Film Coated Tablet,14.48,14.88,21.0
437,"Levetiracetam 100 mg/mL, 100 mL Oral Solution Bottle",448.0,786.5,1125.0
438,"Levetiracetam 100 mg/mL, 5 mL Solution for Injection Vial",159.5,434.25,1500.0
439,Levetiracetam 250 mg Film Coated Tablet,6.0,10.75,14.8
440,Levetiracetam 500 mg Film Coated Tablet,7.0,9.05,16.3
441,"Levobupivacaine 5 mg/mL, 10 mL Solution for Injection Ampule",200.0,200.0,200.0
442,Levodopa + Carbidopa 100 mg + 25 mg Tablet,12.33,13.7,15.4
443,Levodopa + Carbidopa 250 mg + 25 mg Tablet,16.55,19.94,23.85
444,"Levofloxacin 5 mg/mL (0.5 % w/v), 5 mL Eye Drops Bottle",195.0,360.5,580.0
445,"Levofloxacin 5 mg/mL, 100 mL Solution for Injection Vial",47.25,79.0,1079.0
446,"Levofloxacin 5 mg/mL, 150 mL Solution for Injection Vial",750.0,765.0,780.0
447,Levofloxacin 500 mg Tablet,3.75,6.0,40.0
448,Levofloxacin 750 mg Tablet,7.5,18.0,55.66
449,Levothyroxine 100 mcg Tablet,3.4,7.4,9.5
450,Levothyroxine 150 mcg Tablet,9.0,9.9,10.8
451,Levothyroxine 50 mcg Tablet,1.9,4.78,5.98
452,"Lidocaine 10%, 50 mL Spray Bottle",1969.3,2433.7,2695.0
453,"Lidocaine 2%, 1.8 mL carpule (with epinephrine)",19.28,29.0,88.0
454,"Lidocaine 2%, 5 mL Solution for Injection Ampule",6.25,12.0,39.0
455,"Lidocaine 2%, 5 mL Solution for Injection Vial",8.0,10.0,12.0
456,"Lidocaine 2%, 50 mL Solution for Injection Vial",8.0,36.84,72.23
457,"Linezolid 2 mg/mL, 300 mL Solution for Injection Bag",1334.0,1625.0,3000.0
458,Linezolid 600 mg Film Coated Tablet,295.0,997.75,2620.0
459,"Lipids 20%, 100 mL Emulsion for Injection Bottle",537.9,623.45,709.0
460,"Lipids 20%, 250 mL Emulsion for Injection Bottle",750.0,757.83,757.85
461,Lithium Carbonate 450 mg Modified Release Tablet,12.0,12.0,12.0
462,Loperamide 2 mg Capsule,0.5,0.95,3.5
463,Loratadine 10 mg Tablet,0.85,1.98,5.5
464,"Loratadine 5 mg/5 mL, 30 mL Syrup Bottle",80.0,82.5,85.0
465,Losartan + Hydrochlorothiazide 50 mg + 12.5 mg Tablet,1.2,2.95,20.5
466,Losartan 100 mg Tablet,0.69,2.24,20.5
467,Losartan 50 mg Tablet,0.51,0.78,15.5
468,"Magnesium Sulfate 250 mg/mL, 10 mL Solution for Injection Ampule",21.78,56.54,92.33
469,"Magnesium Sulfate 250 mg/mL, 10 mL Solution for Injection Vial",52.79,58.0,92.33
470,"Magnesium Sulfate 250 mg/mL, 2 mL Solution for Injection Ampule",21.25,44.63,68.0
471,"Magnesium Sulfate 250 mg/mL, 20 mL Solution for Injection Vial",3.68,30.0,72.0
472,"Magnesium Sulfate 500 mg/mL, 2 mL Solution for Injection Ampule",84.88,84.88,85.0
473,"Mannitol 20%, 500 mL Solution for Injection Bottle",61.34,73.89,315.0
474,"Mebendazole 100 mg/5 mL, 60 mL Oral Suspension Bottle",21.88,25.0,40.0
475,Mebendazole 500 mg Chewable Tablet,3.43,3.61,3.79
476,Mebendazole 500 mg Tablet,2.0,2.86,3.71
477,Mecobalamin 500 mcg Tablet,8.0,9.51,14.4
478,"Mecobalamin 500 mcg/mL, 1 mL Solution for Injection Ampule",104.98,145.0,185.0
479,Medroxyprogesterone 10 mg Tablet,75.0,75.0,90.0
480,"Medroxyprogesterone 150 mg/mL, 1 mL Suspension for Injection Vial",31.24,36.89,46.8
481,Mefenamic Acid 250 mg Capsule,0.64,1.08,3.0
482,Mefenamic Acid 500 mg Capsule,0.75,1.04,7.0
483,Mefenamic Acid 500 mg Tablet,1.15,1.76,5.16
484,Memantine 10 mg Film Coated Tablet,9.8,14.79,27.7
485,Meropenem 1 g Powder for Injection Vial,132.78,189.71,1827.5
486,Meropenem 500 mg Powder for Injection Vial,106.89,139.33,458.0
487,Mesalazine 1.5 g Gastro-resistant Prolonged Release Granules Sachet,155.81,155.81,155.81
488,Mesalazine 500 mg Enteric Coated Tablet,59.45,79.73,100.0
489,"Mesna (Sodium-2- Mercaptoethanesulphonate) 100 mg/mL, 4 mL Solution for Injection Ampule",125.0,140.0,400.0
490,Metformin 500 mg Film Coated Tablet,0.36,0.52,15.9
491,Metformin 500 mg Tablet,0.43,0.54,11.5
492,Methimazole (Thiamazole) 5 mg Tablet,2.48,4.73,10.8
493,"Methotrexate 100 mg/mL, 10 mL Solution for Injection Vial",4299.0,5000.0,5500.0
494,Methotrexate 2.5 mg Tablet,7.0,9.0,10.0
495,Methyldopa 250 mg Tablet,3.62,6.8,15.0
496,"Methylergometrine (Methylergonovine) 200 mcg/mL, 1 mL Solution for Injection Ampule",22.89,30.0,149.88
497,Methylprednisolone 1 g Powder for Injection Vial + 16 mL Diluent,1280.49,2000.0,2745.0
498,Methylprednisolone 125 mg Powder for Injection Vial + 2 mL Diluent,520.0,635.0,850.0
499,Methylprednisolone 16 mg Tablet,8.0,9.58,22.0
500,Methylprednisolone 4 mg Tablet,4.0,6.0,10.0
501,Methylprednisolone 40 mg Powder for Injection Vial,250.0,301.75,448.0
502,Methylprednisolone 500 mg Powder for Injection Vial + Diluent,1100.0,1240.0,2000.0
503,Methylprednisolone 500mg/7.7ml Vial + Diluent,939.0,1100.0,1699.0
504,Metoclopramide 10 mg Tablet,0.8,1.38,8.0
505,"Metoclopramide 5 mg/5 mL, 60 mL Syrup Bottle",19.83,20.0,22.5
506,"Metoclopramide 5 mg/mL, 2 mL Solution for Injection Ampule",3.12,5.89,14.73
507,Metoprolol 100 mg Tablet,0.9,1.6,2.97
508,Metoprolol 50 mg Tablet,0.6,1.1,2.5
509,"Metronidazole 125 mg/5 mL, 60 mL Oral Suspension Bottle",18.55,25.0,136.0
510,"Metronidazole 5 mg/mL, 100 mL Solution for Injection Vial",12.89,16.54,79.86
511,Metronidazole 500 mg Tablet,0.95,1.51,20.0
512,Micafungin 50 mg Powder for Injection Vial,5500.0,5500.0,5500.0
513,"Midazolam 1 mg/mL, 5 mL Solution for Injection Ampule",52.33,65.0,100.0
514,"Midazolam 5 mg/mL, 1 mL Solution for Injection Ampule",46.74,57.34,112.98
515,"Midazolam 5 mg/mL, 3 mL Solution for Injection Ampule",67.44,89.17,104.89
516,"Modified Fluid Gelatin (Polymerisate Of Degraded Succinylated Gelatin) 4%, 500 mL Solution for Injection Bottle",650.0,752.0,800.0
517,"Monobasic/Dibasic Sodium Phosphate 19 g + 7 g/118 mL, 133 mL Rectal Solution Bottle",141.0,222.43,368.0
518,Montelukast 10 mg Tablet,1.9,6.05,15.22
519,Montelukast 4 mg Chewable Tablet,2.97,6.37,135.0
520,Montelukast 5 mg Chewable Tablet,3.7,6.67,17.25
521,Morphine 10 mg Tablet,40.0,50.0,50.0
522,"Morphine 10 mg/mL, 1 mL Solution for Injection Ampule",59.0,67.89,164.98
523,"Moxifloxacin 0.5% (5 mg/mL), 5 mL Eye Drops Bottle",259.0,405.0,640.9
524,Moxifloxacin 400 mg Film Coated Tablet,49.0,53.5,142.0
525,Multivitamins Capsule,0.55,1.28,4.0
526,Multivitamins Tablet,0.72,1.34,3.25
527,"Multivitamins per 1 mL, 15 mL Oral Drops Bottle",15.2,26.95,57.42
528,"Multivitamins per 5 mL, 120 mL Syrup Bottle",29.0,46.08,84.15
529,"Multivitamins per 5 mL, 60 mL Syrup Bottle",18.0,32.0,75.0
530,"Mupirocin 2%, 15 g Ointment Tube",45.2,99.39,420.0
531,"Mupirocin 2%, 5 g Ointment Tube",32.0,57.5,128.0
532,Mycophenolate Mofetil 500 mg Tablet,42.86,45.0,53.0
533,"Nalbuphine 10 mg/mL, 1 mL Solution for Injection Ampule",18.44,51.78,189.85
534,"Naloxone 400 mcg/mL, 1 mL Solution for Injection Ampule",233.0,324.45,412.0
535,Naltrexone 50 mg Tablet,84.0,84.0,120.0
536,Naproxen 550 mg (equiv. to 500 mg Naproxen) Tablet,4.03,8.0,9.0
537,"Neostigmine 500 mcg/mL, 1 mL Solution for Injection Ampule",29.0,85.0,432.0
538,"Nepafenac 1 mg/mL, 5 mL Eye Drops Bottle",698.95,698.95,735.5
539,"Nicardipine 1 mg/mL, 10 mL Solution for Injection Ampule",38.24,60.45,770.8
540,"Nicardipine 1 mg/mL, 2 mL Solution for Injection Ampule",62.0,93.89,450.0
541,Nifedipine 10 mg Capsule,2.0,3.52,8.1
542,Nifedipine 30 mg Modified Release Tablet,41.25,41.25,84.95
543,Nitrofurantoin 100 mg Capsule,3.3,4.8,15.0
544,"Norepinephrine 1 mg/mL, 10 mL Solution for Injection Ampule",101.0,352.8,420.0
545,"Norepinephrine 1 mg/mL, 2 mL Solution for Injection Ampule",51.24,68.89,436.0
546,"Norepinephrine 1 mg/mL, 4 mL Solution for Injection Ampule",53.89,81.72,550.0
547,"Norepinephrine 2 mg/mL, 4 mL Solution for Injection Ampule",65.0,638.21,1650.0
548,"Nystatin 100,000 units/mL, 30 mL Oral Suspension Bottle",59.8,118.0,190.0
549,"Octreotide 100 mcg/mL, 1 mL Solution for Injection Ampule",370.0,438.12,630.0
550,"Octreotide 500 mcg/mL, 1 mL Solution for Injection Ampule",2134.13,2134.13,2134.13
551,"Ofloxacin 0.3%, 5 mL Ear Drops Bottle",160.95,215.0,244.0
552,"Ofloxacin 0.3%, 5 mL Eye Drops Bottle",175.0,192.5,199.0
553,Ofloxacin 200 mg Tablet,2.3,2.85,3.7
554,Olanzapine 10 mg Orodispersible Tablet,2.59,9.98,28.0
555,Olanzapine 10 mg Tablet,1.23,2.66,12.75
556,Olanzapine 5 mg Tablet,3.96,7.98,15.45
557,Omeprazole 20 mg Capsule,0.65,1.78,125.0
558,Omeprazole 40 mg Capsule,2.92,3.4,85.0
559,Omeprazole 40 mg Powder for Injection Vial + 10 mL solvent,1.4,23.88,487.5
560,"Ondansetron 2 mg/mL, 2 mL Solution for Injection Ampule",38.0,114.0,212.0
561,"Ondansetron 2 mg/mL, 4 mL Solution for Injection Ampule",38.0,57.66,359.0
562,Ondansetron 8 mg Tablet,55.0,62.0,85.0
563,Oral Rehydration Salts (75 - Replacement) 20.5 g Oral Powder Sachet,2.25,3.72,16.0
564,Oxacillin 500 mg Powder for Injection Vial,9.89,21.0,90.0
565,"Oxaliplatin 5 mg/mL, 10 mL Solution for Injection Vial",262.0,667.57,977.0
566,"Oxaliplatin 5 mg/mL, 20 mL Solution for Injection Vial",620.0,1000.1,2700.0
567,Oxaliplatin 50 mg Powder for Injection Vial,727.45,1058.73,1875.0
568,Oxcarbazepine 300 mg Tablet,8.5,13.58,21.51
569,"Oxcarbazepine 60 mg/mL, 100 mL Oral Suspension Bottle",567.02,589.03,611.03
570,Oxcarbazepine 600 mg Tablet,18.13,18.77,18.79
571,"Oxycodone 10 mg/mL, 2 mL Solution for Injection Ampule",1019.7,1147.23,1285.0
572,"Oxytocin 10 IU/mL, 1 mL Solution for Injection Ampule",6.62,9.34,285.0
573,"Paclitaxel 6 mg/mL, 16.7 mL Solution for Injection Vial",302.84,693.0,2500.0
574,"Paclitaxel 6 mg/mL, 25 mL Solution for Injection Vial",1810.0,2725.0,3710.0
575,"Paclitaxel 6 mg/mL, 43.4 mL Solution for Injection Vial",1630.0,2200.0,3579.0
576,"Paclitaxel 6 mg/mL, 5 mL Solution for Injection Vial",258.89,300.0,1500.0
577,"Paliperidone 100 mg/mL, 1 mL Prolonged Release Suspension for Injection Pre-filled Syringe",6066.07,6066.37,6066.67
578,Paliperidone Palmitate 150 mg/1.5 mL prolonged release suspension for injection (PPPI),6066.07,6066.67,6066.67
579,Pantoprazole 20 mg Enteric Coated Tablet,18.0,18.05,18.1
580,Pantoprazole 40 mg Tablet,5.34,8.0,80.0
581,"Paracetamol 10 mg/mL, 100 mL Solution for Injection Vial",46.5,62.98,415.0
582,"Paracetamol 10 mg/mL, 50 mL Solution for Injection Vial",217.8,287.5,415.0
583,"Paracetamol 100 mg/mL, 15 mL Oral Drops Bottle",14.0,23.0,58.0
584,"Paracetamol 120 mg/5 mL (125 mg/5 mL), 60 mL Oral Suspension Bottle",14.0,18.0,20.5
585,"Paracetamol 120 mg/5 mL (125 mg/5 mL), 60 mL Syrup Bottle",18.5,19.15,19.8
586,Paracetamol 125 mg Suppository,32.44,54.45,55.0
587,"Paracetamol 150 mg/mL, 2 mL Solution for Injection Ampule",2.97,4.22,12.0
588,Paracetamol 250 mg Suppository,18.98,47.89,48.98
589,"Paracetamol 250 mg/5 mL, 60 mL Oral Suspension Bottle",14.0,25.5,125.0
590,"Paracetamol 250 mg/5 mL, 60 mL Syrup Bottle",16.0,30.8,48.0
591,Paracetamol 500 mg Tablet,0.34,0.72,2.2
592,"Penicillin G Benzathine (Benzathine Benzylpenicillin) 1,200,000 units Modified Release Powder for Injection Vial",34.43,48.72,150.0
593,"Penicillin G Crystalline (Benyzylpenicillin) 1,000,000 units Powder for Injection Vial",9.77,16.45,18.0
594,"Penicillin G Crystalline (Benyzylpenicillin) 5,000,000 units Powder for Injection Vial",16.88,20.98,28.44
595,"Peritoneal Dialysis 1.5%, 2 L Solution for Injection Bag",169.64,188.0,223.0
596,"Peritoneal Dialysis 2.3%, 2 L Solution for Injection Bag",175.6,184.8,194.0
597,Peritoneal Dialysis 2.5% 2 L bottle,194.0,212.0,230.0
598,"Peritoneal Dialysis 4.25%, 2 L Solution for Injection Bottle",175.0,184.0,230.0
599,"Permethrin 5%, 60 mL Shampoo Bottle",201.0,210.8,220.8
600,"Pethidine (Meperidine) 50 mg/mL, 2 mL Solution for Injection Ampule",102.45,232.0,492.0
601,Phenobarbital 30 mg Tablet,5.0,5.18,5.36
602,Phenobarbital 60 mg Tablet,5.24,7.0,8.95
603,Phenytoin 100 mg Capsule,8.47,11.5,28.0
604,"Phenytoin 125 mg/5 mL, 120 mL Oral Suspension Bottle",370.0,487.0,745.0
605,"Phenytoin 50 mg/mL, 2 mL Solution for Injection Ampule",63.44,195.0,678.5
606,"Phytomenadione (Phytonadione, Vitamin K1) 10 mg/mL, 1 mL Solution for Injection Ampule (as mixed micelle)",9.0,15.78,43.0
607,"Pilocarpine 2%, 15 mL Eye Drops Bottle",270.18,288.6,297.2
608,Piperacillin + Tazobactam 2 g + 250 mg Powder for Injection Vial,58.44,98.79,566.1
609,Piperacillin + Tazobactam 4 g + 500 mg Powder for Injection Vial,73.44,92.24,952.5
610,"Polymyxin B 500,000 Units, 5 mL Powder for Injection Vial",1300.0,2080.0,3990.0
611,Potassium (as citrate) 1080 mg (10 mEq) tablet,4.55,6.5,12.2
612,"Potassium Chloride 2 mEq/mL, 20 mL Solution for Injection Vial",15.0,34.33,54.89
613,Potassium Chloride 600 mg Tablet,7.75,10.98,15.6
614,Potassium Chloride 750 mg (equiv. to 10 mEq Potassium) Sustained Release Tablet,10.0,15.3,25.5
615,"Povidone Iodine 1%, 60 mL Oral Solution Bottle",40.0,95.0,105.0
616,"Povidone Iodine 10%, 120 mL Solution Bottle",32.0,43.5,55.0
617,"Povidone Iodine 10%, 60 mL Solution Bottle",39.0,63.0,105.0
618,"Prednisolone 1%, 5 mL Eye Drops Bottle",98.0,195.0,408.0
619,Prednisone 10 mg Tablet,0.75,2.05,4.25
620,"Prednisone 10 mg/5 mL, 60 mL Oral Suspension Bottle",53.75,75.0,111.0
621,Prednisone 20 mg Tablet,1.88,3.73,6.0
622,Prednisone 5 mg Tablet,0.55,1.25,3.0
623,"Propofol 10 mg/mL, 20 mL Emulsion for Injection Ampule",38.49,42.88,559.25
624,"Propofol 10 mg/mL, 20 mL Emulsion for Injection Vial",39.77,200.0,500.0
625,"Propofol 10 mg/mL, 50 mL Emulsion for Injection Vial",210.0,400.0,500.0
626,Propranolol 10 mg Tablet,0.71,3.8,20.0
627,Propranolol 40 mg Tablet,0.7,5.5,8.45
628,Propylthiouracil 50 mg Tablet,10.82,13.75,20.79
629,"Protamine 10 mg/mL, 5 mL Ampule",528.0,610.0,620.12
630,"Pyrazinamide 250 mg/5 mL, 120 mL Oral Suspension Bottle",83.1,93.51,103.91
631,Quetiapine 100 mg Tablet,15.0,21.29,23.94
632,Quetiapine 200 mg Tablet,20.0,24.25,24.5
633,Quetiapine 25 mg Tablet,8.47,12.35,17.0
634,Quetiapine 300 mg Tablet,39.0,40.0,45.0
635,"Rabies Immunoglobulin (Human) 150 IU/mL, 2 mL Solution for Injection Vial",3000.0,3922.5,4845.0
636,Ranitidine 150 mg Tablet,0.88,1.5,3.0
637,"Ranitidine 25 mg/mL, 2 mL Solution for Injection Ampule",5.34,9.89,40.0
638,Ranitidine 300 mg Tablet,2.34,2.77,3.89
639,"Regular, Insulin (Recombinant DNA Human) 100 IU/mL, 10 mL Solution for Injection Vial",107.9,269.34,579.0
640,Remifentanil 1 mg Powder for Injection Vial,1487.0,1647.0,1649.0
641,"Rifampicin 200 mg/5 mL, 120 mL Oral Suspension Bottle",233.6,281.15,290.0
642,Rifaximin 200 mg Tablet,63.2,63.2,63.2
643,Risperidone 1 mg Tablet,5.98,6.48,6.68
644,Risperidone 2 mg Tablet,0.87,3.22,26.0
645,"Rocuronium 10 mg/mL, 5 mL Solution for Injection Vial",99.78,142.78,600.0
646,"Ropivacaine 10 mg/mL, 10 mL Solution for Injection Ampule",337.63,387.7,518.0
647,Rosuvastatin 10 mg Tablet,1.89,3.24,14.55
648,Rosuvastatin 20 mg Tablet,1.9,3.87,28.0
649,Sacubitril + Valsartan 100 mg (48.6 mg + 51.4 mg) Tablet,50.0,61.88,150.0
650,Sacubitril + Valsartan 200 mg (97.2 mg + 102.8 mg) Tablet,55.24,56.25,56.25
651,Sacubitril + Valsartan 50 mg (24.3 mg + 25.7 mg) Tablet,12.94,57.76,64.9
652,"Salbutamol 1 mg/mL (unit dose), 2.5 mL Respiratory Solution Ampule",1.94,4.61,17.0
653,"Salbutamol 100 mcg/dose, 200 actuations Breath Actuated Metered Dose Inhaler",58.24,95.0,121.0
654,"Salbutamol 100 mcg/dose, 200 actuations Metered Dose Inhaler",60.0,71.56,148.0
655,"Salbutamol 2 mg/5 mL, 60 mL Syrup Bottle",13.0,23.2,57.4
656,"Salbutamol 2 mg/mL, 2.5 mL Respiratory Solution",1.94,6.68,9.0
657,Sambong [Blumea Balsamifera (L) Dc (Fam. Compositae)] 250 mg tablet,4.5,4.9,5.3
658,Sambong [Blumea Balsamifera (L) Dc (Fam. Compositae)] 500 mg Tablet,2.68,4.5,6.5
659,Sertraline 50 mg Tablet,4.38,7.59,14.0
660,"Serum, Anti-Rabies 1500 IU/0.7 mL, 0.7 mL Solution for Injection Ampule (Equine)",124.65,125.33,126.0
661,"Serum, Anti-Tetanus 1500 IU/mL, 1 mL Solution for Injection Ampule (Equine)",0.95,111.74,145.0
662,"Sevoflurane, 250 mL Volatile Liquid for Inhalation Bottle",2689.0,4053.5,14645.0
663,"Silver Sulfadiazine 1%, 15 g Cream Tube",53.18,59.25,118.0
664,"Silver Sulfadiazine 1%, 25 g Cream Tube",61.89,69.89,129.78
665,"Silver Sulfadiazine 1%, 500 g Cream Jar",782.8,850.0,950.0
666,Simvastatin 20 mg Tablet,0.72,1.27,3.75
667,Simvastatin 40 mg Tablet,1.99,3.65,7.0
668,Sirolimus 0.5 mg tablet,135.0,135.5,136.0
669,"Sodium Bicarbonate 1 mEq/mL, 20 mL Solution for Injection Ampule",5.04,48.89,249.79
670,"Sodium Bicarbonate 1 mEq/mL, 50 mL Solution for Injection Ampule",91.98,99.89,155.51
671,Sodium Bicarbonate 650 mg Tablet,1.0,2.09,3.95
672,"Sodium Chloride 0.9%, 1 L Solution Bottle (For Irrigation)",24.0,32.24,77.55
673,"Sodium Chloride 0.9%, 1 L Solution for Injection Bottle",9.5,27.44,85.0
674,"Sodium Chloride 0.9%, 100 mL Solution for Injection Bottle",26.77,44.34,63.0
675,"Sodium Chloride 0.9%, 50 mL Solution for Injection Bottle",15.44,18.88,59.44
676,"Sodium Chloride 0.9%, 500 mL Solution for Injection Bottle",20.0,28.89,118.5
677,"Sodium Chloride 2.5 mEq/mL, 20 mL Solution for Injection Vial",15.0,30.0,65.0
678,"Sodium Hyaluronate 0.1% (1 mg/mL), 5 mL Eye Drops Bottle",160.0,160.0,321.0
679,Sodium Valproate + Valproic Acid 500 mg (333 mg + 145 mg) controlled release tablet,7.9,8.4,21.45
680,Spironolactone 100 mg Tablet,5.0,27.88,28.0
681,Spironolactone 25 mg Tablet,2.26,6.25,17.5
682,Spironolactone 50 mg Tablet,6.4,10.23,24.94
683,"Sterile Water For Injection, 1 L Bottle",10.0,27.15,138.0
684,"Sterile Water For Injection, 100 mL Bottle",30.89,42.57,78.0
685,"Sterile Water For Injection, 20 mL Ampule",20.0,22.5,25.0
686,"Sterile Water For Injection, 50 mL Bottle",15.78,17.89,122.0
687,"Sterile Water For Injection, 500 mL Bottle",11.41,72.26,133.1
688,Sucralfate 1 g Tablet,26.33,27.49,44.55
689,"Sugammadex 100 mg/mL, 2 mL Solution for Injection Vial",1800.0,4997.5,6000.0
690,"Suxamethonium (Succinylcholine) 20 mg/mL, 10 mL Solution for Injection Vial",127.88,419.0,697.0
691,Tacrolimus 1 mg Capsule,71.43,100.0,163.0
692,"Tafluprost 15 mcg/mL, 0.3 mL Eye Drops Bottle",676.65,676.65,676.65
693,Tamoxifen 20 mg Tablet,5.95,9.94,16.0
694,Tamsulosin 200 mcg Capsule,4.05,6.95,30.0
695,Tamsulosin 200 mcg Orodispersible Tablet,6.95,10.2,20.0
696,Tamsulosin 400 mcg Prolonged Release Film Coated Tablet,5.0,7.99,20.0
697,Telmisartan + Hydrochlorothiazide 40 mg + 12.5 mg tablet,5.6,10.08,27.0
698,Telmisartan 40 mg Tablet,1.64,2.0,16.5
699,Telmisartan 80 mg Tablet,2.5,3.5,35.0
700,Tenofovir Disoproxil 300 mg Tablet,38.0,38.44,39.98
701,Terazosin 2 mg Tablet,20.0,21.0,22.0
702,"Terbutaline 500 mcg/mL, 1 mL Solution for Injection Ampule",50.93,98.0,299.89
703,"Tetanus Immunoglobulin (Human) 250 IU/mL, 1 mL Solution for Injection Pre-filled Syringe",700.0,980.23,1330.0
704,Tetanus Toxoid 0.5 mL Ampul (IM),32.78,57.33,100.0
705,"Timolol 0.5%, 5 mL Eye Drops Bottle",180.0,295.0,437.5
706,"Tobramycin + Dexamethasone 0.3% + 0.1%, 3.5 g Eye Ointment Tube",125.0,499.27,674.25
707,"Tobramycin + Dexamethasone 0.3% + 0.1%, 5 mL Eye Drops Bottle",107.0,200.0,450.0
708,"Tobramycin 0.3%, 3.5 g Eye Ointment Tube",429.9,429.9,429.9
709,"Tobramycin 0.3%, 5 mL Eye Drops Bottle",80.0,155.0,308.0
710,Tolvaptan 15 mg Tablet,607.2,652.8,693.75
711,Topiramate 25 mg Tablet,7.94,8.4,9.37
712,Topiramate 50 mg Tablet,7.0,7.99,20.5
713,Tramadol 50 mg Capsule,1.0,2.0,4.5
714,"Tramadol 50 mg/mL, 1 mL Solution for Injection Ampule",6.08,8.51,34.8
715,"Tramadol 50 mg/mL, 2 mL Solution for Injection Ampule",5.7,8.98,60.0
716,"Tranexamic Acid 100 mg/mL, 5 mL Solution for Injection Ampule",3.86,20.34,130.0
717,Tranexamic Acid 500 mg Capsule,4.0,6.0,44.95
718,"Trastuzumab 600 mg/5 mL (120 mg/mL) solution for injection, 5 mL vial",23214.29,23214.29,23214.29
719,"Travoprost 0.004%, 2.5 mL Eye Drops Bottle",1283.36,1516.68,1750.0
720,Trimetazidine 35 mg Tablet,0.85,2.64,19.5
721,"Tropicamide + Phenylephrine Hydrochloride 5 mg + 5 mg/mL, 10 mL Eye Drops Bottle",418.95,498.75,665.0
722,Ursodeoxycholic Acid 250 mg Capsule,13.0,22.0,36.0
723,Ursodeoxycholic Acid 250 mg Tablet,16.8,24.3,35.0
724,Ursodeoxycholic Acid 500 mg Tablet,18.0,50.0,74.39
725,"Vaccine, Influenza Polyvalent 0.5 mL Suspension for Injection Pre-filled Syringe",550.0,590.0,650.0
726,"Vaccine, Rabies Chick Embryo Cell 2.5 IU Powder for Injection Vial + 1 mL Diluent (Purified, Inactivated)",768.0,1228.0,1785.0
727,"Vaccine, Rabies Vero Cell (Purified) 2.5 IU/0.5 mL vial + diluent (Per Dose)",272.0,680.0,1302.0
728,"Vaccine, Tetanus Toxoid 40 IU (5 lf)/0.5 mL, 0.5 mL Suspension for Injection Ampule",32.78,71.06,100.0
729,Valaciclovir 500 mg Tablet,25.0,27.0,30.0
730,Valganciclovir 450 mg Tablet,242.0,250.0,260.0
731,"Valproic Acid 250 mg/5 mL, 120 mL Syrup Bottle",640.0,731.31,804.37
732,Valproic Acid 500 mg tablet,11.38,11.38,11.38
733,Valsartan 160 mg Film Coated Tablet,9.2,11.08,12.48
734,Valsartan 80 mg Film Coated Tablet,7.2,8.55,11.64
735,Vancomycin 1 g Powder for Injection Vial,60.0,130.0,1400.0
736,Vancomycin 500 mg Powder for Injection Vial,49.89,58.56,995.0
737,Vasopressin 20 IU/mL vial,1639.0,1979.75,2500.0
738,"Verapamil 2.5 mg/mL, 2 mL Solution for Injection Ampule",125.0,125.0,125.0
739,Vitamin B1 B6 B12 100 mg B1 + 100 mg B6 + 1 mg B12 per 3 mL ampul,12.8,21.68,175.0
740,Vitamin B1 B6 B12 100 mg B1 + 5 mg B6 + 50 mcg B12 per tablet,0.46,1.2,11.0
741,Voriconazole 200 mg Film Coated Tablet,1000.0,1090.0,1100.0
742,Voriconazole 200 mg Powder for Injection Vial,4399.0,4550.0,4699.0
743,Warfarin 2.5 mg Tablet,8.5,15.09,26.5
744,Warfarin 5 mg Tablet,12.0,14.02,21.0
745,"Zinc as sulfate monohydrate (equiv. to 10 mg elemental/mL), 15 mL Oral Drops Bottle",14.27,30.6,64.97
746,"Zinc as sulfate monohydrate (equiv. to 20 mg elemental zinc/5 mL), 60 mL Syrup Bottle",20.48,32.0,68.0
747,Zoledronic Acid 4 mg/5 mL concentrated solution for IV infusion,999.0,1472.5,4500.0
